{
    "leds": {
        "P1_A": {
            "primary": [
                255,
                128,
                0
            ],
            "secondary": [
                255,
                255,
                128
            ],
            "pulse": true,
            "speed": 1.0,
            "phase": 260.2999999999907
        },
        "P1_B": {
            "primary": [
                255,
                128,
                0
            ],
            "secondary": [
                255,
                255,
                128
            ],
            "pulse": true,
            "speed": 1.0,
            "phase": 260.2999999999907
        },
        "P1_C": {
            "primary": [
                255,
                128,
                0
            ],
            "secondary": [
                255,
                255,
                128
            ],
            "pulse": true,
            "speed": 1.0,
            "phase": 260.2999999999907
        },
        "P1_X": {
            "primary": [
                255,
                128,
                0
            ],
            "secondary": [
                255,
                255,
                128
            ],
            "pulse": true,
            "speed": 1.0,
            "phase": 260.2999999999907
        },
        "P1_Y": {
            "primary": [
                255,
                128,
                0
            ],
            "secondary": [
                255,
                255,
                128
            ],
            "pulse": true,
            "speed": 1.0,
            "phase": 260.2999999999907
        },
        "P1_Z": {
            "primary": [
                255,
                128,
                0
            ],
            "secondary": [
                255,
                255,
                128
            ],
            "pulse": true,
            "speed": 1.0,
            "phase": 260.2999999999907
        },
        "P2_A": {
            "primary": [
                0,
                255,
                128
            ],
            "secondary": [
                0,
                128,
                64
            ],
            "pulse": true,
            "speed": 1.0,
            "phase": 51.90000000000047
        },
        "P2_B": {
            "primary": [
                0,
                255,
                128
            ],
            "secondary": [
                0,
                128,
                64
            ],
            "pulse": true,
            "speed": 1.0,
            "phase": 51.90000000000047
        },
        "P2_C": {
            "primary": [
                0,
                255,
                128
            ],
            "secondary": [
                0,
                128,
                64
            ],
            "pulse": true,
            "speed": 1.0,
            "phase": 51.90000000000047
        },
        "P2_X": {
            "primary": [
                0,
                255,
                128
            ],
            "secondary": [
                0,
                128,
                64
            ],
            "pulse": true,
            "speed": 1.0,
            "phase": 51.90000000000047
        },
        "P2_Y": {
            "primary": [
                0,
                255,
                128
            ],
            "secondary": [
                0,
                128,
                64
            ],
            "pulse": true,
            "speed": 1.0,
            "phase": 51.90000000000047
        },
        "P2_Z": {
            "primary": [
                0,
                255,
                128
            ],
            "secondary": [
                0,
                128,
                64
            ],
            "pulse": true,
            "speed": 1.0,
            "phase": 51.90000000000047
        },
        "REWIND": {
            "primary": [
                255,
                0,
                0
            ],
            "secondary": [
                255,
                255,
                255
            ],
            "pulse": false,
            "speed": 1.0,
            "phase": 0.0
        },
        "P1_START": {
            "primary": [
                255,
                128,
                0
            ],
            "secondary": [
                255,
                255,
                128
            ],
            "pulse": true,
            "speed": 1.0,
            "phase": 260.2999999999907
        },
        "MENU": {
            "primary": [
                255,
                255,
                255
            ],
            "secondary": [
                255,
                0,
                255
            ],
            "pulse": false,
            "speed": 1.0,
            "phase": 0.0
        },
        "P2_START": {
            "primary": [
                0,
                255,
                128
            ],
            "secondary": [
                0,
                128,
                64
            ],
            "pulse": true,
            "speed": 1.0,
            "phase": 51.90000000000047
        },
        "TRACKBALL": {
            "primary": [
                0,
                0,
                255
            ],
            "secondary": [
                0,
                255,
                64
            ],
            "pulse": true,
            "speed": 1.0,
            "phase": 215.09999999999206
        }
    }
}