{
    "leds": {
        "P1_A": {
            "primary": [
                255,
                59,
                48
            ],
            "secondary": [
                255,
                149,
                0
            ],
            "colors": [
                [
                    255,
                    59,
                    48
                ],
                [
                    255,
                    149,
                    0
                ],
                [
                    175,
                    82,
                    222
                ],
                [
                    255,
                    45,
                    85
                ]
            ],
            "fx": [
                null,
                null,
                null,
                null
            ],
            "fx_mode": "PULSE",
            "pulse": true,
            "speed": 1.0,
            "phase": 1209.0999999999958
        },
        "P1_B": {
            "primary": [
                255,
                59,
                48
            ],
            "secondary": [
                255,
                149,
                0
            ],
            "colors": [
                [
                    255,
                    59,
                    48
                ],
                [
                    255,
                    149,
                    0
                ],
                [
                    175,
                    82,
                    222
                ],
                [
                    255,
                    45,
                    85
                ]
            ],
            "fx": [
                null,
                null,
                null,
                null
            ],
            "fx_mode": "PULSE",
            "pulse": true,
            "speed": 1.0,
            "phase": 1209.0999999999958
        },
        "P1_C": {
            "primary": [
                255,
                59,
                48
            ],
            "secondary": [
                255,
                149,
                0
            ],
            "colors": [
                [
                    255,
                    59,
                    48
                ],
                [
                    255,
                    149,
                    0
                ],
                [
                    175,
                    82,
                    222
                ],
                [
                    255,
                    45,
                    85
                ]
            ],
            "fx": [
                null,
                null,
                null,
                null
            ],
            "fx_mode": "PULSE",
            "pulse": true,
            "speed": 1.0,
            "phase": 1209.0999999999958
        },
        "P1_X": {
            "primary": [
                255,
                59,
                48
            ],
            "secondary": [
                255,
                149,
                0
            ],
            "colors": [
                [
                    255,
                    59,
                    48
                ],
                [
                    255,
                    149,
                    0
                ],
                [
                    175,
                    82,
                    222
                ],
                [
                    255,
                    45,
                    85
                ]
            ],
            "fx": [
                null,
                null,
                null,
                null
            ],
            "fx_mode": "PULSE",
            "pulse": true,
            "speed": 1.0,
            "phase": 1209.0999999999958
        },
        "P1_Y": {
            "primary": [
                255,
                59,
                48
            ],
            "secondary": [
                255,
                149,
                0
            ],
            "colors": [
                [
                    255,
                    59,
                    48
                ],
                [
                    255,
                    149,
                    0
                ],
                [
                    175,
                    82,
                    222
                ],
                [
                    255,
                    45,
                    85
                ]
            ],
            "fx": [
                null,
                null,
                null,
                null
            ],
            "fx_mode": "PULSE",
            "pulse": true,
            "speed": 1.0,
            "phase": 1209.0999999999958
        },
        "P1_Z": {
            "primary": [
                255,
                59,
                48
            ],
            "secondary": [
                255,
                149,
                0
            ],
            "colors": [
                [
                    255,
                    59,
                    48
                ],
                [
                    255,
                    149,
                    0
                ],
                [
                    175,
                    82,
                    222
                ],
                [
                    255,
                    45,
                    85
                ]
            ],
            "fx": [
                null,
                null,
                null,
                null
            ],
            "fx_mode": "PULSE",
            "pulse": true,
            "speed": 1.0,
            "phase": 1209.0999999999958
        },
        "P2_A": {
            "primary": [
                10,
                218,
                241
            ],
            "secondary": [
                0,
                199,
                190
            ],
            "colors": [
                [
                    10,
                    218,
                    241
                ],
                [
                    0,
                    199,
                    190
                ],
                [
                    52,
                    199,
                    89
                ],
                [
                    0,
                    128,
                    0
                ]
            ],
            "fx": [
                null,
                null,
                null,
                null
            ],
            "fx_mode": "PULSE",
            "pulse": true,
            "speed": 1.0,
            "phase": 1175.6000000000263
        },
        "P2_B": {
            "primary": [
                10,
                218,
                241
            ],
            "secondary": [
                0,
                199,
                190
            ],
            "colors": [
                [
                    10,
                    218,
                    241
                ],
                [
                    0,
                    199,
                    190
                ],
                [
                    52,
                    199,
                    89
                ],
                [
                    0,
                    128,
                    0
                ]
            ],
            "fx": [
                null,
                null,
                null,
                null
            ],
            "fx_mode": "PULSE",
            "pulse": true,
            "speed": 1.0,
            "phase": 1175.6000000000263
        },
        "P2_C": {
            "primary": [
                10,
                218,
                241
            ],
            "secondary": [
                0,
                199,
                190
            ],