{
    "leds": {
        "P1_A": {
            "primary": [
                52,
                199,
                89
            ],
            "secondary": [
                0,
                122,
                255
            ],
            "colors": [
                [
                    52,
                    199,
                    89
                ],
                [
                    0,
                    122,
                    255
                ],
                [
                    255,
                    255,
                    255
                ],
                [
                    90,
                    200,
                    250
                ]
            ],
            "fx": [
                null,
                null,
                null,
                null
            ],
            "pulse": true,
            "speed": 1.0,
            "phase": 423.80000000002786
        },
        "P1_B": {
            "primary": [
                52,
                199,
                89
            ],
            "secondary": [
                0,
                122,
                255
            ],
            "colors": [
                [
                    52,
                    199,
                    89
                ],
                [
                    0,
                    122,
                    255
                ],
                [
                    255,
                    255,
                    255
                ],
                [
                    90,
                    200,
                    250
                ]
            ],
            "fx": [
                null,
                null,
                null,
                null
            ],
            "pulse": true,
            "speed": 1.0,
            "phase": 423.80000000002786
        },
        "P1_C": {
            "primary": [
                52,
                199,
                89
            ],
            "secondary": [
                0,
                122,
                255
            ],
            "colors": [
                [
                    52,
                    199,
                    89
                ],
                [
                    0,
                    122,
                    255
                ],
                [
                    255,
                    255,
                    255
                ],
                [
                    90,
                    200,
                    250
                ]
            ],
            "fx": [
                null,
                null,
                null,
                null
            ],
            "pulse": true,
            "speed": 1.0,
            "phase": 423.80000000002786
        },
        "P1_X": {
            "primary": [
                52,
                199,
                89
            ],
            "secondary": [
                0,
                122,
                255
            ],
            "colors": [
                [
                    52,
                    199,
                    89
                ],
                [
                    0,
                    122,
                    255
                ],
                [
                    255,
                    255,
                    255
                ],
                [
                    90,
                    200,
                    250
                ]
            ],
            "fx": [
                null,
                null,
                null,
                null
            ],
            "pulse": true,
            "speed": 1.0,
            "phase": 423.80000000002786
        },
        "P1_Y": {
            "primary": [
                52,
                199,
                89
            ],
            "secondary": [
                0,
                122,
                255
            ],
            "colors": [
                [
                    52,
                    199,
                    89
                ],
                [
                    0,
                    122,
                    255
                ],
                [
                    255,
                    255,
                    255
                ],
                [
                    90,
                    200,
                    250
                ]
            ],
            "fx": [
                null,
                null,
                null,
                null
            ],
            "pulse": true,
            "speed": 1.0,
            "phase": 423.80000000002786
        },
        "P1_Z": {
            "primary": [
                52,
                199,
                89
            ],
            "secondary": [
                0,
                122,
                255
            ],
            "colors": [
                [
                    52,
                    199,
                    89
                ],
                [
                    0,
                    122,
                    255
                ],
                [
                    255,
                    255,
                    255
                ],
                [
                    90,
                    200,
                    250
                ]
            ],
            "fx": [
                null,
                null,
                null,
                null
            ],
            "pulse": true,
            "speed": 1.0,
            "phase": 423.80000000002786
        },
        "P2_A": {
            "primary": [
                255,
                255,
                255
            ],
            "secondary": [
                175,
                82,
                222
            ],
            "colors": [
                [
                    255,
                    255,
                    255
                ],
                [
                    175,
                    82,
                    222
                ],
                [
                    255,
                    45,
                    85
                ],
                [
                    90,
                    200,
                    250
                ]
            ],
            "fx": [
                null,
                null,
                null,
                null
            ],
            "pulse": true,
            "speed": 1.0,
            "phase": 423.80000000002786
        },
        "P2_B": {
            "primary": [
                255,
                255,
                255
            ],
            "secondary": [
                175,
                82,
                222
            ],
            "colors": [
                [
                    255,
                    255,
                    255
                ],
                [
                    175,
                    82,
                    222
                ],
                [
                    255,
                    45,
                    85
                ],
                [
                    90,
                    200,
                    250
                ]
            ],
            "fx": [
                null,
                null,
                null,
                null
            ],
            "pulse": true,
            "speed": 1.0,
            "phase": 423.80000000002786
        },
        "P2_C": {
            "primary": [
                255,
                255,
                255
            ],
            "secondary": [
                175,
                82,
                222
            ],